ID,SNM,STYP,FND,RGN,USC,SCR_EST_2014,SCR_EST_2015,SCR_EST_2016,SCR_EST_2017,SCR_EST_2018,SCR_EST_2019,SCR_EST_2020,SCR_EST_2021,SCR_EST_2022,SCR_EST_2023,SCR_EST_2024
1,ICT폴리텍대학,전문대학,사립,경기,C그룹,47.724457,47.538082,47.246986,45.502342,68.8058,68.688354,68.57768,68.55521,68.71209,68.70406,68.62068
2,가야대학교,대학,사립,경남,C그룹,47.182262,47.46894,47.27547,46.384457,68.34559,68.28267,67.97458,66.69555,66.71261,67.16369,66.76849
3,가천대학교,대학,사립,경기,A그룹,44.939575,44.08134,44.27926,42.571136,70.69976,71.097435,69.96033,70.902725,70.79689,71.098755,71.00212
4,가톨릭관동대학교,대학,사립,강원,B그룹,47.811443,47.77528,46.622883,44.95598,67.001495,67.94028,66.838104,66.93762,66.88653,66.48564,66.315414
5,가톨릭꽃동네대학교,대학,사립,충북,C그룹,47.304836,47.33168,47.03948,45.798164,67.69643,69.47623,67.298805,68.81198,69.98482,67.42456,69.094536
6,가톨릭대학교,대학,사립,경기,A그룹,45.233665,44.737583,44.878536,43.124176,71.26015,71.91576,73.09239,72.80634,72.80258,72.9971,73.10271
7,가톨릭상지대학교,전문대학,사립,경북,C그룹,48.289555,47.951473,47.75722,46.298088,67.084816,67.07785,67.008934,67.021324,66.90072,67.31277,66.96348
8,감리교신학대학교,대학,사립,서울,C그룹,47.391647,47.208168,46.41323,45.35501,66.7781,66.975334,67.494576,68.82644,67.46944,69.763695,69.317245
9,강남대학교,대학,사립,경기,B그룹,47.367638,47.35403,47.12287,45.620567,67.28375,66.94661,67.23673,67.11422,67.719864,67.187515,67.12905
10,강동대학교,전문대학,사립,충북,B그룹,47.637695,47.437347,47.13959,46.041645,69.269936,68.60486,68.81187,69.077324,68.85986,67.220856,67.053276
11,강릉영동대학교,전문대학,사립,강원,B그룹,47.976578,47.451218,47.151516,46.056633,68.55003,67.71856,68.41869,67.54355,68.771194,68.775085,68.64262
12,강서대학교,대학,사립,서울,C그룹,47.968678,47.805893,47.11586,46.22409,67.83046,67.40377,67.13077,67.47555,67.31762,67.59749,67.07413
13,강원관광대학교,전문대학,사립,강원,C그룹,47.651134,47.44929,47.322445,46.13352,67.47403,67.98443,68.84274,67.06776,68.64987,68.756134,68.92275
14,강원대학교,대학,국립,강원,A그룹,44.49423,44.218235,44.164135,42.73226,72.493866,72.100395,72.201866,72.10215,71.99592,71.99849,72.50768
15,강원도립대학교,전문대학,공립,강원,C그룹,48.01564,48.119286,47.74072,46.352917,67.64664,67.080795,67.960686,66.957794,67.11116,67.14377,68.424675
16,개신대학원대학교,대학원대학,사립,서울,-,47.55517,49.139378,48.778328,47.457325,68.54384,68.46617,68.78306,67.09281,69.4382,67.12235,67.89645
17,거제대학교,전문대학,사립,경남,C그룹,47.61948,47.49502,47.539608,46.329014,68.95986,68.90599,67.29461,67.22763,68.70792,67.37864,67.97335
18,건국대학교,대학,사립,서울,A그룹,45.064636,44.51218,44.688335,42.982784,73.2935,73.600525,73.00015,72.89979,72.80332,72.89901,72.70184
19,건국대학교(글로컬),대학,사립,충북,B그룹,44.378304,44.213524,43.90185,45.030884,67.10931,66.88136,66.44247,69.00536,66.80673,66.93176,66.51581
20,건동대학교,대학,사립,경북,C그룹,47.52979,47.343258,47.052643,45.93174,69.19,69.12889,68.96095,69.0099,69.00226,69.006134,68.92275
21,건신대학원대학교,대학원대학,사립,대전,-,47.273453,46.90621,46.512207,45.417397,69.56532,68.92053,67.24034,69.351105,67.43028,67.46527,67.2887
22,건양대학교,대학,사립,충남,B그룹,46.040794,44.09587,44.297794,45.909733,68.575485,68.013695,69.11242,67.21365,66.3299,67.17532,68.11085
23,경기과학기술대학교,전문대학,사립,경기,A그룹,47.654858,47.424896,47.348972,45.92026,68.33593,68.29722,67.86316,67.25429,68.28561,67.18418,67.32482
24,경기대학교,대학,사립,경기,A그룹,44.287243,44.099854,42.97454,44.29667,67.13117,65.99773,65.80102,66.51908,66.93575,67.012596,66.89265
25,경남대학교,대학,사립,경남,A그룹,47.676918,46.928116,46.69991,45.58762,67.453926,67.484024,67.35205,67.47444,66.47776,66.555244,67.05681
26,경남도립거창대학,전문대학,공립,경남,C그룹,47.797924,47.600468,47.32714,46.092896,68.6381,68.06019,68.582146,67.384575,67.26346,67.43193,68.81507
27,경남도립남해대학,전문대학,공립,경남,C그룹,47.113827,47.73696,47.40596,46.386566,67.4738,67.42066,67.302734,67.137276,68.29687,67.34761,68.26625
28,경남정보대학교,전문대학,사립,부산,A그룹,47.569714,47.67457,47.183292,46.02231,67.55479,67.55506,67.266945,66.72321,66.70279,66.70995,66.58783
29,경동대학교,대학,사립,강원,B그룹,46.928135,46.739662,46.559334,45.763737,68.42421,66.81737,63.874397,63.618706,66.42894,66.88985,66.710915
30,경민대학교,전문대학,사립,경기,B그룹,47.682095,47.518085,47.22588,46.148922,67.42959,67.413124,67.1252,67.70497,67.45561,68.361015,67.07471
31,경복대학교,전문대학,사립,경기,A그룹,47.920647,47.85527,47.344524,46.375496,67.646126,67.258514,66.79019,66.40785,66.186485,66.45025,66.33686
32,경북과학대학교,전문대학,사립,경북,C그룹,47.656868,47.335007,47.172295,46.178844,68.736534,68.33857,68.7224,68.29147,68.321686,68.23651,68.154884
33,경북대학교,대학,국립,대구,A그룹,46.229515,45.917007,46.46102,44.13253,74.79847,75.00101,75.30109,75.29897,75.78445,75.20031,75.002335
34,경북보건대학교,전문대학,사립,경북,C그룹,48.1001,47.86753,47.304043,46.042027,68.14334,67.411316,67.40418,67.3369,67.299484,67.29451,67.28666
35,경북외국어대학교,대학,사립,대구,C그룹,47.52979,47.343258,47.052643,45.93174,69.19,69.12889,68.96095,69.0099,69.00226,69.006134,68.92275
36,경북전문대학교,전문대학,사립,경북,B그룹,48.202267,47.63424,47.266125,45.911892,67.68436,68.442535,67.72292,67.46136,67.60979,67.613434,67.47846
37,경상국립대학교,대학,국립,경남,A그룹,45.42847,44.23861,44.852657,43.127895,71.999756,71.90243,71.70048,71.50619,71.39674,71.60132,71.50676
38,경성대학교,대학,사립,부산,A그룹,45.99247,46.80531,46.631287,45.395535,67.330376,67.336655,66.81296,67.30311,67.627686,67.57095,67.39252
39,경안대학원대학교,대학원대학,사립,경북,-,47.298965,46.8984,46.700443,45.465393,69.236115,68.7904,68.785774,69.10424,68.519394,68.40862,68.26609
40,경운대학교,대학,사립,경북,C그룹,47.34257,47.528316,47.018974,45.426243,67.21022,66.95218,66.921814,66.92934,66.431046,66.334435,66.62491
41,경인교육대학교,대학,국립,인천,C그룹,47.024326,47.232487,46.890182,44.867092,66.631256,66.52149,66.4058,66.77849,66.53131,66.265205,66.20715
42,경인여자대학교,전문대학,사립,인천,B그룹,48.07604,47.257828,44.53165,45.820587,67.49576,67.4564,67.697044,66.98438,67.21578,67.214,66.74022
43,경일대학교,대학,사립,경북,B그룹,47.403473,47.38579,47.10553,45.94553,67.8884,67.187065,66.11586,66.17023,66.11274,66.15781,66.387596
44,경찰대학,기타,기타,충남,-,50.00731,48.072914,47.85766,46.372635,67.61521,67.30232,67.23563,67.154465,67.15222,67.36252,68.9363
45,경희대학교,대학,사립,서울,A그룹,48.333626,45.161953,49.712852,43.65923,77.76129,75.90087,75.49646,75.40126,75.214676,75.70227,75.79841
46,계명대학교,대학,사립,대구,A그룹,46.488693,47.039505,47.233852,44.50642,69.79422,69.10032,69.00092,68.6086,68.956696,69.00135,68.87102
47,계명문화대학교,전문대학,사립,대구,A그룹,47.466076,47.739456,47.234512,45.830532,68.199905,68.06971,66.807274,66.95369,67.17753,66.99033,68.02716
48,계약신학대학원대학교,대학원대학,사립,경기,-,49.655666,49.33539,48.97076,47.794365,69.454285,69.98737,68.80743,69.37331,69.51805,69.006134,68.92275
49,계원예술대학교,전문대학,사립,경기,B그룹,47.59279,48.032017,47.7383,46.237484,68.1135,67.483696,68.605385,69.06302,68.83801,68.783066,68.487946
50,고려대학교,대학,사립,서울,A그룹,49.84255,49.783916,49.010284,47.938538,77.602036,79.20184,79.29786,79.600876,79.595695,79.80372,79.99758
51,고려대학교(세종),대학,사립,세종,B그룹,44.728786,45.836384,47.186096,45.49118,68.55223,67.865204,68.33953,68.99921,68.609985,69.5859,69.569496
52,고려사이버대학교,대학,사립,서울,A그룹,47.62894,47.45534,47.177517,46.056614,69.370445,69.25378,69.10128,69.12684,69.1169,68.77946,69.083176
53,고신대학교,대학,사립,부산,C그룹,46.28266,46.191086,45.95333,44.604557,66.65149,66.49878,67.003654,66.62872,66.80023,68.78665,69.54708
54,공군사관학교,기타,기타,충북,-,49.689823,47.652897,47.34964,46.29666,67.29268,68.44913,68.30537,68.64121,68.2718,67.940125,68.92275
55,공주교육대학교,대학,국립,충남,C그룹,47.60491,49.53523,49.424976,47.82907,67.042244,67.09029,67.034004,66.98323,66.62216,66.791565,69.71598
56,과학기술연합대학원대학교,대학원대학,국립,대전,-,47.37215,47.62556,47.139095,45.96022,71.394714,71.49804,71.00022,70.70227,70.79812,70.51536,70.57216
57,광신대학교,대학,사립,광주,C그룹,47.62009,49.08224,48.814014,47.65257,68.714554,68.31894,66.94902,68.062294,68.28119,68.74579,70.18828
58,광양보건대학교,전문대학,사립,전남,C그룹,47.79979,48.02986,46.995926,46.052113,67.83017,68.43741,69.08216,69.15382,67.898636,69.16119,68.9601
59,광운대학교,대학,사립,서울,B그룹,44.703785,44.426136,44.232674,45.27755,64.91255,68.00152,67.39529,67.308846,67.09898,67.39903,67.40068
60,광주가톨릭대학교,대학,사립,전남,C그룹,49.67008,49.524147,49.45046,48.524494,68.81836,69.88539,68.91941,68.59698,68.50343,68.51667,68.44587
61,광주과학기술원,대학,국립,광주,C그룹,47.52979,47.343258,47.052643,43.460144,72.20416,72.59694,71.799965,71.70174,71.39782,71.60193,71.39959
62,광주교육대학교,대학,국립,광주,C그룹,47.79177,47.65245,47.55375,45.7017,67.17942,67.039444,66.826126,67.32439,66.84863,67.33865,67.67477
63,광주대학교,대학,사립,광주,B그룹,47.36062,47.070156,46.642067,45.328022,67.6413,67.40587,66.65545,66.644485,66.238754,66.34909,65.87047
64,광주보건대학교,전문대학,사립,광주,B그룹,48.23344,47.590324,47.09081,46.211983,68.46097,69.04521,68.47607,68.976654,68.2828,69.198425,68.97607
65,광주여자대학교,대학,사립,광주,C그룹,47.101948,47.029972,47.208992,45.784332,66.95813,67.18481,67.22492,66.869545,66.449455,66.92776,66.525215
66,구미대학교,전문대학,사립,경북,A그룹,47.569935,47.375057,47.110786,46.103004,67.612305,67.44763,67.10708,68.28469,68.43227,67.180786,68.501015
67,구세군사관대학원대학교,대학원대학,사립,경기,-,49.48925,49.448013,49.02189,47.615017,69.88161,69.95572,69.66401,70.26806,70.1415,70.31458,69.870514
68,국군간호사관학교,기타,기타,대전,-,49.777527,48.07003,47.49156,46.356064,67.77969,67.61017,67.45803,68.69626,67.704254,69.05707,68.97578
69,국립강릉원주대학교,대학,국립,강원,B그룹,46.948277,46.424995,47.276314,45.08186,67.17361,67.09681,67.1316,67.20302,66.89879,66.99762,66.7041
70,국립경국대학교,대학,국립,경북,B그룹,46.8774,46.928867,46.720356,44.972084,67.066536,66.239975,66.77013,66.96759,66.65144,66.86381,67.677284
71,국립공주대학교,대학,국립,충남,A그룹,47.58469,48.066246,46.524345,44.695934,68.13009,67.70368,68.35931,67.546234,66.699905,66.89939,66.9058
72,국립군산대학교,대학,국립,전북,B그룹,47.608963,47.587296,46.987476,45.058838,66.35638,65.90246,66.50826,66.76086,66.57768,66.708786,67.183914
73,국립금오공과대학교,대학,국립,경북,B그룹,44.423077,46.743,44.140736,45.550003,66.73572,66.51589,66.59817,66.656746,66.68863,66.781944,67.11303
74,국립목포대학교,대학,국립,전남,B그룹,47.870876,47.67056,46.76702,45.047935,66.4151,66.057,67.048096,67.15774,66.836464,67.04975,66.53984
75,국립목포해양대학교,대학,국립,전남,C그룹,48.077866,48.009937,47.120365,45.23719,68.90912,66.8974,68.609245,69.1045,69.0105,68.9013,66.82787
76,국립부경대학교,대학,국립,부산,A그룹,44.525627,44.135384,44.275253,42.54279,68.43661,69.499016,69.50358,69.87945,69.29294,69.40714,70.75272
77,국립순천대학교,대학,국립,전남,B그룹,46.93062,46.18541,46.107624,44.335094,66.41288,66.7993,66.199646,66.30659,66.51251,67.088295,67.077194
78,국립암센터국제암대학원대학교,대학원대학,국립,경기,-,47.52979,46.69193,46.303364,45.30719,69.84235,70.56158,70.59717,70.203995,70.12483,70.0657,71.17512
79,국립창원대학교,대학,국립,경남,B그룹,47.33015,46.95593,47.237194,45.69252,67.35478,67.0485,67.54226,67.07695,67.046326,67.6515,67.182594
80,국립한국교통대학교,대학,국립,충북,B그룹,47.93223,47.20932,47.05541,45.35216,67.02629,66.913445,67.294975,67.40486,66.95079,67.2486,69.98827
81,국립한국해양대학교,대학,국립,부산,B그룹,47.66368,47.66498,47.67401,46.006695,66.811615,66.59526,67.22357,67.03423,66.990234,67.64602,67.38659
82,국립한밭대학교,대학,국립,대전,B그룹,47.281128,46.75604,47.400276,45.918163,66.7289,66.59917,66.2998,66.20229,66.738106,67.08872,67.24558
83,국민대학교,대학,사립,서울,A그룹,44.508545,44.270042,44.80841,42.180973,67.81689,68.58936,68.00565,67.80126,67.4982,67.81962,68.422424
84,국방대학교,기타,기타,충남,-,47.344307,47.15777,46.867153,45.79262,68.58743,68.358795,68.050476,68.14882,69.00226,68.1188,68.08186
85,국제뇌교육종합대학원대학교,대학원대학,사립,충남,-,47.79472,47.434906,47.688477,46.29615,68.89128,68.83525,68.98338,69.06168,69.261,69.264496,69.25878
86,국제대학교,전문대학,사립,경기,B그룹,48.099632,48.138954,47.72258,46.458122,67.68604,67.309525,67.2677,67.28407,67.21691,67.168205,67.01469
87,국제문화대학원대학교,대학원대학,사립,충남,-,49.98843,47.343258,47.052643,45.93174,69.19,69.12889,68.96095,69.0099,69.00226,69.006134,68.92275
88,국제법률경영대학원대학교,대학원대학,사립,경기,-,47.36687,47.09682,46.83181,45.51863,68.32902,68.41345,68.03467,68.81026,68.47752,68.499626,68.92275
89,국제사이버대학교,대학,사립,경기,C그룹,47.513187,47.326656,47.035347,45.902893,68.74938,68.720085,68.547035,68.59428,68.57087,68.57473,68.334915
90,국제언어대학원대학교,대학원대학,사립,서울,-,49.678223,49.457615,49.247074,48.064976,69.971664,69.52496,70.00203,70.11847,69.81074,69.84134,68.73361
91,국제예술대학교,기타,기타,서울,-,47.523216,47.343258,47.052643,45.93174,69.19,69.12889,68.96095,69.0099,69.00226,69.006134,68.92275
92,군산간호대학교,전문대학,사립,전북,C그룹,47.07819,47.17001,46.41961,45.05097,67.425385,67.65808,68.45451,67.048645,67.52912,67.46218,67.78179
93,군장대학교,전문대학,사립,전북,C그룹,47.524994,47.801746,47.10353,45.976376,68.508095,68.86402,68.771416,68.7437,68.46134,68.32806,68.464424
94,극동대학교,대학,사립,충북,C그룹,47.738285,47.444996,47.10396,45.788204,67.7984,67.762505,67.4634,67.00713,67.65391,67.352554,66.654564
95,글로벌사이버대학교,대학,사립,충남,C그룹,47.52979,47.343258,47.052643,45.93174,69.245575,69.19609,68.96095,68.77909,68.742065,68.41684,68.92275
96,금강대학교,대학,사립,충남,C그룹,49.829403,49.72675,49.26889,47.683086,69.88555,69.61017,69.50074,68.64894,69.78923,68.286354,69.9226
97,기독간호대학교,전문대학,사립,광주,C그룹,48.16193,47.871704,47.652546,46.21513,68.65609,68.62272,68.26218,67.267845,67.96484,68.12611,67.99248
98,김천대학교,대학,사립,경북,C그룹,47.849857,47.771736,47.181587,46.51655,67.078026,67.10319,67.7882,66.84409,66.90915,68.53651,66.52923
99,김포대학교,전문대학,사립,경기,C그룹,47.580986,47.83674,47.456844,46.325108,67.92753,67.867676,67.82084,67.58312,68.87649,68.21767,68.38392
100,김해대학교,전문대학,사립,경남,C그룹,48.017677,47.520626,47.28056,46.094578,68.32963,68.39377,68.50527,68.23872,68.34283,67.32173,68.11691
101,나사렛대학교,대학,사립,충남,B그룹,46.837166,46.54049,44.572628,42.88304,67.07122,66.84059,66.373146,66.53027,66.03692,66.52328,66.20696
102,나주대학교,전문대학,사립,전남,C그룹,47.529125,47.3419,47.012627,45.894936,67.96119,67.34754,68.06659,66.95663,67.11623,67.15909,68.35518
103,남부대학교,대학,사립,광주,C그룹,47.242077,47.57245,47.214245,46.0571,67.822525,67.39583,67.99072,67.58142,67.40503,67.615685,68.17386
104,남서울대학교,대학,사립,충남,B그룹,45.280735,46.77083,45.99395,44.935425,68.12604,67.85681,66.51271,67.444626,68.20955,67.983185,66.56018
105,농협대학교,전문대학,사립,경기,C그룹,47.65166,47.293926,46.944656,45.65304,69.15891,68.93845,67.64518,67.3215,67.35096,67.41965,67.103874
106,능인대학원대학교,대학원대학,사립,경기,-,47.52979,47.343258,47.511063,45.72402,68.60879,67.36635,69.699104,68.06435,67.242455,68.39946,68.931404
107,단국대학교,대학,사립,경기,A그룹,44.81756,44.203026,44.32939,42.582027,70.9975,70.39691,70.103584,69.801346,69.79933,69.802956,69.69747
108,대경대학교,전문대학,사립,경북,B그룹,48.19155,48.12198,47.16385,46.044533,68.954346,68.33963,68.57813,68.55049,68.504776,68.27391,67.29113
109,대구가톨릭대학교,대학,사립,경북,A그룹,45.85043,46.162037,45.485188,43.67137,67.49485,66.98299,66.997826,66.60118,66.50578,66.432556,66.49625
110,대구경북과학기술원,대학,국립,대구,C그룹,49.812004,47.58553,47.06703,45.880844,69.14204,68.99825,68.70543,68.8982,69.20188,69.39842,69.599236
111,대구공업대학교,전문대학,사립,대구,C그룹,47.271526,47.118904,47.207188,45.942963,67.5754,68.482285,68.96814,67.41311,67.8257,68.39508,68.02588
112,대구과학대학교,전문대학,사립,대구,A그룹,47.493847,47.465492,46.7926,45.863354,67.264336,67.22614,67.714485,66.710266,66.405235,66.82921,66.7901
113,대구교육대학교,대학,국립,대구,C그룹,47.3469,47.113274,47.172066,45.302353,66.94998,67.10391,67.130875,66.97501,66.782585,67.08798,66.82753
114,대구대학교,대학,사립,경북,A그룹,44.75194,44.15904,46.021988,44.2139,67.94613,67.557884,68.59432,66.00283,67.103584,66.64784,66.669365
115,대구미래대학교,전문대학,사립,경북,C그룹,47.44356,46.90867,46.637955,45.93174,69.19,69.12889,68.96095,69.0099,69.00226,69.006134,68.92275
116,대구보건대학교,전문대학,사립,대구,A그룹,47.737534,47.75357,47.50924,46.38631,67.75179,67.64535,67.1766,66.98172,67.19198,67.08645,68.40629
117,대구사이버대학교,대학,사립,경북,C그룹,47.489773,47.30324,47.02573,45.90482,69.16309,69.10198,68.972145,69.089554,69.0978,69.086876,68.99541
118,대구예술대학교,대학,사립,경북,C그룹,47.580463,47.3925,47.070393,45.89794,67.23409,67.530754,67.227974,67.62221,67.93767,69.338104,69.11493
119,대구외국어대학교,대학,사립,경북,C그룹,47.725666,47.397457,47.2168,45.817448,69.19,69.12889,68.96095,69.0099,69.00226,69.006134,68.92275
120,대구한의대학교,대학,사립,경북,B그룹,47.648655,47.471573,46.677193,45.326176,66.46048,66.336075,65.96435,66.5738,66.36396,66.33075,66.467026
121,대덕대학교,전문대학,사립,대전,C그룹,47.641037,47.437782,47.654804,46.284897,67.690956,67.46939,67.34858,67.07963,67.01372,67.548164,66.42687
122,대동대학교,전문대학,사립,부산,C그룹,48.047745,47.629578,47.12221,46.24578,67.78253,68.30128,67.208374,67.13952,67.18016,67.14197,66.964874
123,대림대학교,전문대학,사립,경기,A그룹,48.02092,48.12001,47.851273,46.23537,67.7816,68.79681,67.50785,67.55673,67.29903,67.35832,68.15803
124,대신대학교,대학,사립,경북,C그룹,49.477894,49.420452,49.240414,47.952095,67.971634,66.92666,67.97774,67.94231,67.92445,67.979355,67.80299
125,대원대학교,전문대학,사립,충북,C그룹,47.68761,47.556026,47.23146,46.23497,67.96357,67.708954,67.56467,67.07117,67.17144,67.353966,67.284775
126,대전가톨릭대학교,대학,사립,세종,C그룹,49.938927,49.75888,49.453354,48.505047,70.21077,70.25052,68.95999,70.19179,69.88988,69.17678,69.7464
127,대전과학기술대학교,전문대학,사립,대전,B그룹,47.7496,47.115147,46.830273,45.544033,68.554085,68.18133,66.826164,66.56324,68.12221,66.97545,66.608406
128,대전대학교,대학,사립,대전,B그룹,44.291233,45.27572,44.2399,42.59758,64.0849,63.942368,66.858,66.71262,66.38845,66.72688,66.38477
129,대전보건대학교,전문대학,사립,대전,A그룹,47.721226,47.991394,47.290764,46.239902,68.52706,68.44645,68.589264,66.93855,67.82964,67.92733,67.88057
130,대전신학대학교,대학,사립,대전,C그룹,49.382507,48.712,48.91761,47.466763,68.17624,68.82954,68.67063,68.71868,68.639595,68.60492,68.46093
131,대진대학교,대학,사립,경기,B그룹,47.415768,47.211506,46.467575,45.232788,66.98377,67.694984,67.55149,68.04214,67.58712,68.94808,68.72324
132,대한신학대학원대학교,대학원대학,사립,경기,-,47.392727,47.040535,47.268124,45.930737,68.9355,69.06587,68.74872,68.99151,68.50468,68.488976,68.14587
133,덕성여자대학교,대학,사립,서울,B그룹,47.081135,46.991497,46.175133,44.667854,67.22596,67.69078,67.068344,66.6987,66.58695,66.78534,66.68267
134,동강대학교,전문대학,사립,광주,B그룹,47.85004,47.361755,46.725258,45.703007,67.13695,67.31758,66.72464,66.83591,66.86967,67.2027,66.785286
135,동국대학교,대학,사립,서울,A그룹,45.06756,44.60962,44.40907,42.70207,70.60262,70.99858,70.9977,70.99919,71.197495,71.5025,71.5926
136,동국대학교 WISE캠퍼스,대학,사립,경북,B그룹,46.67774,46.288475,46.696552,44.708786,66.633125,66.87533,65.93544,66.89478,66.95704,66.87453,67.8323
137,동남보건대학교,전문대학,사립,경기,A그룹,47.706024,47.367615,47.110466,46.1402,68.62263,69.004166,68.856636,68.925255,67.40245,67.24375,67.350174
138,동덕여자대학교,대학,사립,서울,B그룹,44.56767,47.17745,46.49617,44.66392,69.29006,68.4603,68.45826,68.55093,66.983505,68.197266,67.13528
139,동명대학교,대학,사립,부산,B그룹,47.49558,47.23122,47.008656,45.97132,68.21191,66.4573,66.44834,66.35477,66.41468,66.97082,66.65483
140,동방문화대학원대학교,대학원대학,사립,서울,-,47.72602,47.113487,46.92415,45.405697,69.68672,69.25966,67.39549,67.82738,67.31199,67.329185,67.12268
141,동부산대학교,전문대학,사립,부산,C그룹,47.953934,47.691772,47.101845,46.12674,67.23789,67.23244,67.99411,69.0099,69.00226,69.006134,68.92275
142,동서대학교,대학,사립,부산,B그룹,47.436337,47.16363,45.62215,46.07489,67.77443,67.54417,67.04096,67.066086,66.70365,66.89383,66.48726
143,동서울대학교,전문대학,사립,경기,A그룹,47.651535,47.433033,47.146946,46.07802,67.828476,68.0576,67.22881,67.285324,67.2685,67.175446,67.017715
144,동신대학교,대학,사립,전남,B그룹,47.558235,46.853184,46.55147,45.29091,66.5459,66.59756,66.83424,66.50365,66.64057,66.44524,67.27561
145,동아대학교,대학,사립,부산,A그룹,44.606018,44.33567,43.987232,43.561283,67.71714,69.59934,69.30441,68.99927,68.701584,68.79763,68.70141
146,동아방송예술대학교,전문대학,사립,경기,B그룹,47.39036,47.23562,47.2341,45.975033,67.486855,67.24916,66.950356,67.199585,67.57632,67.45349,67.400246
147,동아보건대학교,전문대학,사립,전남,C그룹,47.61943,47.46515,47.021492,46.075443,67.77205,68.928276,68.98796,68.87095,66.734406,68.357216,67.24872
148,동양대학교,대학,사립,경북,C그룹,47.510914,47.30556,47.12897,46.26269,67.10788,66.53368,66.77905,66.586975,66.58548,66.44723,66.309975
149,동양미래대학교,전문대학,사립,서울,A그룹,47.30655,46.843586,46.64241,45.415657,65.697075,65.79307,66.12708,68.10196,67.82341,68.17177,68.078316
150,동우대학,전문대학,사립,강원,B그룹,47.52979,47.343258,47.052643,45.93174,69.19,69.12889,68.96095,69.0099,69.00226,69.006134,68.92275
151,동원과학기술대학교,전문대학,사립,경남,B그룹,47.050888,46.88435,46.686253,45.569187,68.0434,68.580475,68.35535,67.30349,68.026375,68.027855,67.900764
152,동원대학교,전문대학,사립,경기,B그룹,47.783997,47.705597,46.91555,46.045982,68.23408,68.128235,68.16126,68.3476,68.40546,68.22098,67.88286
153,동의과학대학교,전문대학,사립,부산,B그룹,47.95248,47.64867,47.24965,46.15871,68.47686,69.079666,68.564766,68.38061,68.61524,68.14753,67.9151
154,동의대학교,대학,사립,부산,A그룹,47.386402,47.479492,47.379223,45.912907,66.98364,67.37771,66.76213,66.74254,66.41517,66.00816,66.37753
155,두원공과대학교,전문대학,사립,경기,B그룹,47.592377,47.406597,47.06628,45.95794,69.02978,68.19172,67.5164,68.30716,67.9365,67.937096,68.62828
156,디지털서울문화예술대학교,대학,사립,서울,C그룹,47.53049,47.34396,47.053345,45.93174,69.19,69.12889,68.96095,69.0099,69.0547,69.05859,68.9773
157,루터대학교,대학,사립,경기,C그룹,47.69327,47.159073,47.094536,45.555695,69.50848,69.094345,68.46668,67.06628,67.301506,67.131744,67.13205
158,마산대학교,전문대학,사립,경남,A그룹,47.605995,47.37893,47.161983,46.04857,67.43015,67.55274,68.04327,68.2755,68.06229,68.29649,67.93768
159,명신대학교,대학,사립,전남,C그룹,47.52979,47.343258,47.052643,45.93174,69.19,69.12889,68.96095,69.0099,69.00226,69.006134,68.92275
160,명지대학교,대학,사립,서울,A그룹,44.469547,43.846157,44.781216,44.12395,67.68182,68.007614,67.996056,67.79941,67.09578,66.99989,68.229256
161,명지전문대학,전문대학,사립,서울,A그룹,47.87421,48.2361,47.161175,46.040848,67.568214,67.10663,67.65176,67.01933,67.153175,66.916695,67.35074
162,목원대학교,대학,사립,대전,B그룹,47.063488,47.134857,46.812363,45.800095,66.8035,66.081604,66.09857,66.715454,66.10202,66.87724,66.522934
163,목포가톨릭대학교,대학,사립,전남,C그룹,47.768436,47.717827,47.267166,45.518505,68.79823,67.07557,67.29882,67.209694,66.99484,67.30141,66.63051
164,목포과학대학교,전문대학,사립,전남,B그룹,47.476852,47.654137,47.189037,45.548496,68.8212,68.63837,68.51898,68.51875,68.00624,69.02595,68.60953
165,문경대학교,전문대학,사립,경북,C그룹,47.799606,47.413013,47.727146,46.212364,67.65779,67.61086,67.420746,68.051125,67.186295,68.68501,67.35965
166,배재대학교,대학,사립,대전,B그룹,47.272198,46.997765,46.782585,45.764297,66.43462,66.50943,66.18214,66.52671,66.11603,66.14461,65.91035
167,배화여자대학교,전문대학,사립,서울,B그룹,47.369755,47.26912,46.715042,45.73142,67.15808,69.0792,68.78764,69.136955,68.09594,67.50579,68.77057
168,백석대학교,대학,사립,충남,A그룹,45.519806,45.285908,46.492214,45.569603,67.47504,66.573235,66.150185,66.669624,66.81335,66.36382,67.016335
169,백석문화대학교,전문대학,사립,충남,A그룹,47.594433,47.428535,47.552444,46.191547,66.77614,66.56607,66.6629,67.0024,68.08371,68.00967,67.95085
170,백석예술대학,전문대학,사립,서울,A그룹,47.52979,47.343258,47.052643,45.93174,69.19,69.12889,68.96095,69.0099,69.00226,69.006134,68.92275
171,백제예술대학교,전문대학,사립,전북,C그룹,47.521893,47.287025,47.104652,45.96516,68.831024,68.73769,68.50708,67.36315,67.95668,68.12599,68.49006
172,베뢰아국제대학원대학교,대학원대학,사립,서울,-,49.465046,49.24723,48.980694,47.62828,70.04838,69.2334,70.47696,70.12286,70.19602,68.83199,67.425186
173,벽성대학,전문대학,사립,전북,C그룹,47.52979,47.343258,47.052643,45.93174,69.19,69.12889,68.96095,69.0099,69.00226,69.006134,68.92275
174,부산가톨릭대학교,대학,사립,부산,C그룹,47.96895,47.30428,47.040836,45.47732,67.062935,66.88224,66.89412,66.787605,67.093864,66.953735,67.06255
175,부산경상대학교,전문대학,사립,부산,B그룹,47.47382,47.330837,47.082314,45.875965,68.40262,67.90816,66.92955,66.74867,66.56286,66.93698,67.95181
176,부산과학기술대학교,전문대학,사립,부산,B그룹,47.821877,47.320343,47.05001,46.22441,68.144264,68.04596,67.22859,67.14243,67.162895,67.21383,67.09239
177,부산교육대학교,대학,국립,부산,C그룹,47.285217,46.69065,46.813644,45.54689,67.13691,66.74681,66.84854,66.730255,66.74722,67.07672,66.855934
178,부산대학교,대학,국립,부산,A그룹,45.380413,44.943428,46.473164,43.61676,75.19942,74.11097,74.70322,74.698204,74.70218,74.89602,74.89796
179,부산디지털대학교,대학,사립,부산,C그룹,47.52979,47.343258,47.052643,45.93174,69.19,69.12889,68.96095,69.022316,69.09803,69.05457,68.937164
180,부산보건대학교,전문대학,사립,부산,B그룹,47.738003,47.93614,47.244953,46.294033,67.44273,67.330475,67.13114,67.38628,67.25044,67.4375,68.10084
181,부산여자대학교,전문대학,사립,부산,C그룹,48.133263,47.860172,47.219887,46.11619,68.262,67.37552,67.2703,68.461395,66.59607,66.690865,66.38944
182,부산예술대학교,전문대학,사립,부산,C그룹,47.532684,46.920708,47.37196,46.048336,69.2994,69.222305,68.99389,69.05959,69.02569,69.036156,68.985016
183,부산외국어대학교,대학,사립,부산,B그룹,47.331543,46.54612,46.631924,44.87125,67.6471,66.598404,66.44988,66.77375,66.95358,66.38875,66.313614
184,부산장신대학교,대학,사립,경남,C그룹,47.85485,47.237015,47.04162,45.79056,67.09131,66.95221,68.35458,68.785034,67.07252,67.713486,69.21793
185,부천대학교,전문대학,사립,경기,A그룹,47.501343,47.767006,47.19634,46.411697,67.38108,67.181114,67.09103,68.04796,67.2271,67.07856,66.96425
186,삼육대학교,대학,사립,서울,B그룹,47.49571,47.33378,46.641888,45.693504,67.071236,66.859535,66.53991,66.695496,66.54488,67.28981,66.67537
187,삼육보건대학교,전문대학,사립,서울,C그룹,47.698074,47.829308,47.573994,45.985043,68.1293,68.05141,67.979836,67.10299,67.01187,67.034584,67.0609
188,상명대학교,대학,사립,서울,A그룹,46.780254,46.532852,45.806164,44.35752,67.20169,66.60641,66.584595,66.83697,66.039444,67.49806,66.18134
189,상지대학교,대학,사립,강원,B그룹,47.452118,47.246876,46.59386,45.421005,67.02799,66.70404,66.84084,66.505424,66.61412,66.22756,67.48449
190,상지영서대학교,전문대학,사립,강원,B그룹,47.577934,47.397575,47.04435,45.826767,68.50321,68.67892,68.96095,69.0099,69.00226,69.006134,68.92275
191,서강대학교,대학,사립,서울,A그룹,45.42783,44.5605,44.450375,42.743607,65.825554,66.58061,66.47842,70.096794,70.003075,69.99541,69.702576
192,서경대학교,대학,사립,서울,B그룹,43.995995,44.974957,44.615788,44.75997,67.78641,67.10342,66.83575,67.020775,67.37295,66.70188,66.28768
193,서남대학교,대학,사립,전북,C그룹,47.244957,46.85831,46.58706,45.51012,69.19,69.12889,68.96095,69.0099,69.00226,69.006134,68.92275
194,서라벌대학교,전문대학,사립,경북,C그룹,47.361885,47.322285,47.063404,45.6011,68.479774,68.42586,67.58022,68.05517,69.77514,69.34962,69.60381
195,서영대학교,전문대학,사립,광주,A그룹,47.587936,47.420113,47.12469,46.1897,67.54983,67.35818,67.482155,67.32473,67.30162,67.26163,67.26345
196,서울과학기술대학교,대학,국립,서울,A그룹,44.119904,46.118546,45.175385,44.09738,68.45107,67.49946,67.50212,69.83855,67.59941,67.800026,69.686356
197,서울과학종합대학원대학교,대학원대학,사립,서울,-,47.691387,47.544296,47.23846,45.882294,68.95482,68.8513,69.382996,69.94184,68.12683,68.7581,68.79355
198,서울교육대학교,대학,국립,서울,C그룹,47.40547,46.990818,46.83064,45.237396,66.28808,66.6432,66.48468,67.140366,67.10315,66.90026,66.74596
199,서울기독대학교,대학,사립,서울,C그룹,47.406837,47.644306,46.846294,45.325005,67.883545,67.44305,67.18099,67.23025,66.93136,68.297356,66.7075
200,서울대학교,대학,국립,서울,A그룹,58.030304,61.64895,62.224533,62.226284,83.70139,86.29971,85.42722,84.215004,86.497375,86.60095,84.7986
201,서울디지털대학교,대학,사립,서울,A그룹,47.707527,47.521084,47.23047,46.057743,69.32882,69.17021,68.6293,69.22758,69.190636,69.18401,68.7002
202,서울미디어대학원대학교,대학원대학,사립,서울,-,47.425346,47.304264,46.875134,46.04697,68.69899,68.85489,69.44826,69.51465,68.47015,68.1183,68.912315
203,서울벤처대학원대학교,대학원대학,사립,서울,-,47.52979,47.343258,47.052643,45.93174,69.19,69.12889,68.96095,69.0099,69.00226,69.006134,68.92275
204,서울불교대학원대학교,대학원대학,사립,서울,-,47.913284,46.984623,46.69962,45.063736,68.592064,69.74065,70.191216,69.81761,69.69406,70.08941,69.82499
205,서울사이버대학교,대학,사립,서울,A그룹,47.608818,47.45534,47.132965,46.012047,69.270325,69.24924,69.08096,69.13078,69.1093,69.11319,69.02981
206,서울사회복지대학원대학교,대학원대학,사립,서울,-,47.732662,47.185135,46.909775,45.5673,69.27958,68.90645,68.67002,68.59476,68.47705,68.44969,68.61527
207,서울상담심리대학원대학교,대학원대학,사립,서울,-,46.824852,46.729324,47.059353,45.848457,69.28096,69.68095,68.81273,68.172165,67.82052,67.778534,68.68511
208,서울성경신학대학원대학교,대학원대학,사립,서울,-,50.04764,49.51923,49.259644,47.838528,69.58,69.423805,69.74662,68.35626,68.37242,68.261375,68.54987
209,서울시립대학교,대학,공립,서울,A그룹,44.301033,44.17046,44.337845,45.21068,68.894,70.69772,70.90367,70.90154,70.79987,70.5754,70.3998
210,서울신학대학교,대학,사립,경기,C그룹,47.553905,46.768997,46.85973,45.202507,66.71246,67.238594,66.914085,66.610085,67.9591,69.098526,67.98377
211,서울여자간호대학교,전문대학,사립,서울,C그룹,46.806973,46.650814,46.46329,45.21249,67.9341,67.41248,66.9401,67.04208,67.00394,67.177536,66.90105
212,서울여자대학교,대학,사립,서울,B그룹,46.318096,46.20496,45.958122,44.41005,66.97849,66.71733,66.14246,66.59541,65.69048,65.98499,65.98841
213,서울예술대학교,전문대학,사립,경기,B그룹,47.713596,47.299637,46.455402,44.96884,67.335625,66.3045,68.69375,67.51936,67.10873,68.436775,67.39637
214,서울외국어대학원대학교,대학원대학,사립,서울,-,47.52359,47.33706,47.046444,45.925526,69.07004,69.028076,68.98687,69.12224,68.74939,68.74401,66.96963
215,서울장신대학교,대학,사립,경기,C그룹,47.41341,47.294716,46.932564,45.375526,67.29516,66.884514,66.56993,67.29596,67.17145,68.285484,68.76951
216,서울한영대학교,대학,사립,서울,C그룹,47.493187,47.407635,46.864346,45.61478,67.134384,67.11764,66.747375,66.609406,67.02371,67.01578,68.16491
217,서원대학교,대학,사립,충북,B그룹,47.39657,46.73115,46.561172,45.38416,66.92677,66.49453,66.27039,67.60641,67.41727,66.72147,66.82416
218,서일대학교,전문대학,사립,서울,A그룹,48.105907,47.97395,47.912872,46.08225,68.64992,68.526596,68.40383,67.34116,67.53032,67.32061,67.363976
219,서정대학교,전문대학,사립,경기,A그룹,47.63474,47.449078,47.155678,46.03685,69.00391,68.903824,69.05368,69.11186,69.13316,69.137054,68.85197
220,서해대학,전문대학,사립,전북,C그룹,47.501442,47.768433,47.050663,45.874973,68.39668,69.455925,68.78942,69.0099,69.00226,69.006134,68.92275
221,선교청대학교,대학,사립,충남,C그룹,47.52979,47.343258,47.052643,45.93174,69.19,69.12889,68.96095,69.0099,69.00226,69.006134,68.92275
222,선린대학교,전문대학,사립,경북,C그룹,47.81355,47.667747,47.256245,46.25786,68.854195,67.783775,68.38029,67.47103,68.58044,68.4106,67.27159
223,선문대학교,대학,사립,충남,B그룹,47.262646,47.13109,46.02671,44.675194,67.55231,67.167145,66.94934,66.65167,66.63704,66.38395,66.26082
224,선학유피대학원대학교,대학원대학,사립,경기,-,49.655853,49.596336,49.024258,47.73094,69.59957,69.62263,70.155655,68.2062,69.37402,69.6277,69.488205
225,성결대학교,대학,사립,경기,B그룹,43.928772,44.831547,46.431095,45.02334,66.603714,66.420654,66.35576,66.415985,66.52899,66.04913,65.98957
226,성공회대학교,대학,사립,서울,C그룹,46.75227,46.83273,46.308506,44.94146,67.88648,67.12869,68.66156,68.96127,69.208244,69.36287,68.86644
227,성균관대학교,대학,사립,서울,A그룹,47.524395,47.427956,47.75273,45.710495,78.00204,78.89763,78.80033,78.801575,78.89229,78.903915,78.740265
228,성산효대학원대학교,대학원대학,사립,인천,-,47.723385,47.39768,47.08319,45.764038,68.47736,67.11423,68.09104,68.97969,68.49951,68.570526,68.44693
229,성서침례대학원대학교,대학원대학,사립,경기,-,49.363747,49.052197,48.656143,47.685165,69.789536,69.866264,69.23691,69.807465,68.46746,70.31178,70.089264
230,성신여자대학교,대학,사립,서울,A그룹,44.362747,45.95149,46.118862,44.77096,67.29672,67.39674,66.6889,67.85687,67.74435,67.56858,66.43889
231,성운대학교,전문대학,사립,경북,C그룹,47.50952,47.31317,47.05855,46.072052,68.7082,67.78707,67.267555,67.36697,67.15622,67.34637,67.26313
232,성화대학,전문대학,사립,전남,B그룹,47.52979,47.343258,47.052643,45.93174,69.19,69.12889,68.96095,69.0099,69.00226,69.006134,68.92275
233,세경대학교,전문대학,사립,강원,C그룹,47.574837,47.411545,47.204247,46.105427,67.75683,68.63104,68.70202,67.30409,67.24611,67.36057,67.24742
234,세계사이버대학,기타,기타,경기,-,47.52979,47.343258,47.052643,45.93174,69.19,69.12889,68.96095,69.0099,69.00226,69.006134,68.92275
235,세명대학교,대학,사립,충북,B그룹,45.309082,45.367977,44.917152,42.225437,66.333466,66.51789,66.82387,68.21995,66.26966,66.789024,66.59435
236,세종대학교,대학,사립,서울,A그룹,44.469868,44.161114,44.338436,42.638813,68.2299,71.30037,71.70182,71.79563,72.30057,71.36388,72.89534
237,세한대학교,대학,사립,충남,C그룹,47.720806,47.125698,46.9783,45.820965,67.101265,66.91462,67.09999,66.7384,67.09539,67.20949,66.9072
238,송곡대학교,전문대학,사립,강원,C그룹,48.121777,47.695362,47.556297,46.10283,69.06212,68.79304,68.22652,68.55101,68.37396,68.88238,68.96291
239,송원대학교,대학,사립,광주,C그룹,47.889606,47.37402,47.07707,45.464474,67.22827,68.06393,67.7715,66.88504,67.08522,66.80125,66.54076
240,송호대학교,전문대학,사립,강원,C그룹,47.74727,47.387184,47.098354,46.14592,68.32125,68.31571,68.39245,68.429375,68.58105,67.26104,67.374695
241,수도국제대학원대학교,대학원대학,사립,서울,-,47.863766,47.213844,46.920624,45.77124,68.44334,68.31196,68.400154,68.816315,68.85302,68.80068,68.909355
242,수성대학교,전문대학,사립,대구,B그룹,47.904,47.523365,45.647728,46.257717,68.54154,68.62572,68.57143,66.771736,66.55161,67.56666,66.63005
243,수원가톨릭대학교,대학,사립,경기,C그룹,49.854782,49.583965,49.2942,48.36311,68.709724,68.997246,68.7087,68.55747,68.407684,69.73178,69.65244
244,수원과학대학교,전문대학,사립,경기,B그룹,47.53667,47.37511,47.098022,46.04993,67.61787,67.421455,67.06594,67.26306,67.2331,66.664474,66.71004
245,수원대학교,대학,사립,경기,B그룹,47.7979,47.682327,46.78285,45.37526,69.087906,67.5045,67.644226,67.47869,67.699875,67.87742,68.321655
246,수원여자대학교,전문대학,사립,경기,B그룹,47.871876,47.6527,46.97236,46.134964,68.67606,68.46166,68.370155,67.50549,67.21374,68.65531,68.340744
247,숙명여자대학교,대학,사립,서울,A그룹,45.105854,45.216022,45.978016,43.687622,67.44013,67.10552,66.796555,66.80075,66.70149,66.99836,67.061386
248,순복음대학원대학교,대학원대학,사립,서울,-,49.17648,49.024323,48.795307,47.48471,69.893196,69.91372,69.771805,69.38859,69.77159,69.79758,69.656395
249,순복음총회신학교,대학,사립,충북,C그룹,47.52979,47.015022,47.181213,45.637917,68.38525,68.877464,69.00054,69.064186,68.84659,69.78789,69.57369
250,순천제일대학교,전문대학,사립,전남,B그룹,47.40144,47.691196,46.79968,45.77853,68.608284,67.67013,68.403114,68.69232,68.65051,68.634056,67.26484
251,순천향대학교,대학,사립,충남,A그룹,46.949818,46.753895,46.255108,45.443768,69.799736,70.128426,69.79486,68.8532,69.499054,69.60308,70.071625
252,숭실대학교,대학,사립,서울,A그룹,46.122635,45.683846,44.593414,43.61004,66.31186,69.29805,68.70565,68.77385,68.503784,68.78999,68.79488
253,숭실사이버대학교,대학,사립,서울,B그룹,47.53049,47.343258,47.052643,45.99212,69.30965,69.248535,69.08028,69.18463,69.10861,69.11249,69.029106
254,숭의여자대학교,전문대학,사립,서울,B그룹,47.447292,47.693375,47.27682,45.99154,69.12542,68.89867,68.578735,67.39039,67.24977,67.0584,67.168045
255,신경주대학교,대학,사립,경북,C그룹,47.338905,47.343304,48.88267,47.691128,68.1225,67.91737,67.75818,68.043,67.728035,69.33158,69.34904
256,신구대학교,전문대학,사립,경기,A그룹,48.280468,47.847755,47.975006,46.30155,68.20111,67.83061,68.06502,67.497055,67.22475,67.08337,67.17493
257,신라대학교,대학,사립,부산,B그룹,47.96236,47.83208,47.39121,45.812668,68.80738,68.11708,66.88725,68.05989,66.24814,66.36485,65.9745
258,신성대학교,전문대학,사립,충남,B그룹,47.622097,47.49513,47.199272,46.038925,68.54128,67.56821,67.23177,67.20674,66.49594,67.959625,66.49852
259,신안산대학교,전문대학,사립,경기,B그룹,47.608772,47.4234,47.155846,46.226776,68.21932,68.57596,68.20974,68.11789,68.11592,67.9343,68.23613
260,신한대학교,대학,사립,경기,B그룹,47.96698,47.845535,47.444054,45.983097,67.42805,66.737564,66.86243,66.5086,66.92107,66.73912,66.341125
261,신흥대학교,전문대학,사립,경기,A그룹,47.52979,47.343258,47.052643,45.93174,69.19,69.12889,68.96095,69.0099,69.00226,69.006134,68.92275
262,실천신학대학원대학교,대학원대학,사립,경기,-,47.708103,49.143845,49.3997,47.69503,70.40606,70.93306,70.61503,70.54788,69.40823,68.923096,68.17451
263,아신대학교,대학,사립,경기,C그룹,47.230137,47.238148,46.678246,45.496113,67.02827,67.129036,67.04257,68.85552,67.32941,67.28033,68.393524
264,아주대학교,대학,사립,경기,A그룹,44.833286,45.037342,45.850487,44.55643,71.904465,71.54149,72.19837,72.00609,71.99766,72.102295,72.099945
265,아주자동차대학교,전문대학,사립,충남,C그룹,48.07662,47.86746,47.112648,46.056683,68.61162,68.33607,68.887024,67.42524,67.34229,67.39626,68.37798
266,안동과학대학교,전문대학,사립,경북,B그룹,47.53759,47.467068,46.851868,46.166786,67.126335,67.194954,66.84932,66.5794,66.545006,66.91992,66.631
267,안산대학교,전문대학,사립,경기,A그룹,47.593063,47.34426,47.447144,46.18032,68.28033,67.585434,67.39158,67.278114,67.19931,67.15262,68.087105
268,안양대학교,대학,사립,경기,B그룹,47.67698,47.9301,46.77908,45.281235,67.30691,67.89099,66.65909,66.10083,66.73857,66.893394,65.92691
269,에스라성경대학원대학교,대학원대학,사립,경기,-,47.30791,46.981403,48.539383,47.630062,69.20508,69.13743,68.82155,68.88176,68.7983,68.699455,69.50126
270,여주대학교,전문대학,사립,경기,B그룹,47.56145,47.07681,46.992596,46.12004,67.97498,68.72714,68.237526,66.656525,66.79305,66.68902,67.77682
271,연성대학교,전문대학,사립,경기,A그룹,47.533527,47.346508,47.155983,46.043343,68.54383,67.86351,68.09391,67.16575,67.3041,68.314415,67.23921
272,연세대학교,대학,사립,서울,A그룹,50.94753,51.02143,50.252663,53.69853,77.89884,79.69528,79.6062,79.738144,79.50238,79.80071,80.19866
273,연세대학교(미래),대학,사립,강원,B그룹,43.982727,43.504913,45.503242,41.237915,69.27085,69.472595,65.98227,66.32685,66.93661,69.84897,69.09815
274,연암공과대학교,전문대학,사립,경남,C그룹,47.81604,47.123535,47.398903,46.01215,68.85822,67.99826,68.533295,68.07144,68.55495,68.62679,67.51907
275,연암대학교,전문대학,사립,충남,C그룹,47.372684,47.072483,47.171906,45.620037,69.347404,68.73268,68.51942,68.75491,66.7141,68.51072,68.78526
276,영남대학교,대학,사립,경북,A그룹,44.55244,44.271393,44.407333,42.68864,71.21017,71.99362,71.90109,72.0334,71.900566,72.19565,72.40004
277,영남사이버대학교,대학,사립,경북,C그룹,47.52979,47.343258,47.052643,45.93174,69.19,69.12889,68.96095,69.0099,69.00226,69.006134,68.92275
278,영남신학대학교,대학,사립,경북,C그룹,49.361443,49.027077,48.75579,47.558933,69.48736,69.04348,69.050156,67.02005,67.829,69.78031,68.02982
279,영남외국어대학,전문대학,사립,경북,C그룹,47.515495,47.328415,47.054928,45.95927,69.21948,68.763275,68.61581,68.68259,68.68144,68.72063,69.216324
280,영남이공대학교,전문대학,사립,대구,A그룹,47.602535,47.410812,47.345963,46.165974,68.43275,67.29427,67.475105,67.34195,67.263115,67.28445,67.154076
281,영산대학교,대학,사립,경남,B그룹,47.914738,47.56554,47.36831,45.79646,67.03837,68.08018,67.71893,66.42982,66.19223,66.143845,66.916504
282,영산선학대학교,대학,사립,전남,C그룹,49.75834,49.441883,49.088333,47.68163,70.14503,68.92073,69.5011,69.646255,69.15614,69.062386,68.29225
283,영진전문대학교,전문대학,사립,대구,A그룹,47.82577,47.576385,47.47169,46.122135,67.68537,67.174,67.44217,67.35442,67.39523,67.29658,66.95625
284,예명대학원대학교,대학원대학,사립,서울,-,50.008286,49.320267,47.053135,45.745525,69.09829,68.861565,68.531136,68.60963,68.80895,68.9835,67.32551
285,예수대학교,대학,사립,전북,C그룹,46.79049,46.561867,47.072674,45.17526,67.53064,67.1677,66.91729,67.044426,67.02321,66.92883,66.671
286,예원예술대학교,대학,사립,전북,C그룹,47.683083,47.5133,47.282562,45.98662,68.43219,68.84568,68.648994,68.88951,68.87814,68.73338,67.44728
287,오산대학교,전문대학,사립,경기,A그룹,48.29113,47.679188,47.25184,46.382046,67.54216,67.459404,68.17913,68.175064,67.20479,67.561424,68.26846
288,온석대학원대학교,대학원대학,사립,경기,-,48.139492,48.37519,47.25793,45.813606,68.96804,68.585884,68.89746,69.89818,69.49345,68.27189,68.32771
289,용인대학교,대학,사립,경기,B그룹,47.479515,47.320446,47.099422,45.843613,68.26821,66.80904,66.86227,68.746414,67.59294,68.48051,67.55493
290,용인예술과학대학교,전문대학,사립,경기,B그룹,48.053967,47.917843,47.772705,46.29916,67.55013,67.9359,68.19649,67.33224,67.172905,68.074425,67.11437
291,우석대학교,대학,사립,전북,B그룹,47.101192,47.26852,46.844074,45.10642,67.05522,67.47479,66.54823,66.68421,66.74756,66.91019,66.24873
292,우송공업대학,전문대학,사립,대전,B그룹,47.52979,47.343258,47.052643,45.93174,69.19,69.12889,68.96095,69.0099,69.00226,69.006134,68.92275
293,우송대학교,대학,사립,대전,A그룹,47.80061,47.707188,46.98671,45.279865,68.15231,68.54302,68.13317,68.35208,67.9474,68.21086,68.09915
294,우송정보대학,전문대학,사립,대전,B그룹,48.123283,48.024853,47.232204,46.00577,68.665,68.96618,68.01633,67.04614,68.77313,67.86344,68.19857
295,울산과학기술원,대학,국립,울산,C그룹,44.390038,44.060757,44.319992,42.729675,71.30235,73.79594,73.599,73.79811,74.105774,74.39832,74.59946
296,울산과학대학교,전문대학,사립,울산,A그룹,47.860233,48.02228,47.442158,46.248215,67.641914,67.42411,67.57934,67.299416,67.22694,67.12784,67.14865
297,울산대학교,대학,사립,울산,A그룹,45.137337,44.79824,45.032654,43.342186,74.39935,74.482056,75.297775,75.00242,74.99441,75.20075,75.39708
298,웅지세무대학교,전문대학,사립,경기,C그룹,47.26414,47.433353,47.151886,45.925526,68.74673,68.755135,68.445274,68.511284,68.49316,67.90749,68.92275
299,원광대학교,대학,사립,전북,A그룹,45.34198,46.67868,46.900185,44.952393,67.76011,67.79968,67.597435,67.203835,67.0004,67.199524,67.20142
300,원광보건대학교,전문대학,사립,전북,B그룹,47.75361,47.292065,47.62237,46.118763,68.098526,68.464424,68.52619,68.41915,66.653015,66.39109,66.28511
301,원불교대학원대학교,대학원대학,사립,전북,-,49.67799,49.181557,49.160778,47.987133,69.24279,69.090195,68.835266,68.748055,68.77211,68.81265,68.61854
302,웨스트민스터신학대학원대학교,대학원대학,사립,경기,-,47.329746,47.041054,46.90411,45.60114,68.10643,68.75748,67.38897,69.12265,69.273994,67.56356,70.222466
303,위덕대학교,대학,사립,경북,C그룹,47.34065,47.651844,47.258923,45.20905,67.87197,68.47354,67.45474,67.17702,67.10098,68.19231,67.64484
304,유원대학교,대학,사립,충북,C그룹,47.779648,47.61168,47.2722,46.687393,67.927475,67.8701,67.413445,67.74814,66.93097,68.369125,69.008835
305,유한대학교,전문대학,사립,경기,A그룹,48.05758,47.92781,47.240295,46.155277,67.65861,67.68351,67.371445,67.244835,67.94632,67.25036,67.10588
306,육군사관학교,기타,기타,서울,-,49.39921,47.23829,46.91355,45.71984,68.70792,68.84824,68.72559,68.971664,68.76652,68.39434,68.40188
307,을지대학교,대학,사립,대전,B그룹,47.181713,46.77062,46.853115,45.53041,70.47974,66.90568,66.99613,66.699234,66.6032,66.698685,67.17242
308,이화여자대학교,대학,사립,서울,A그룹,45.669437,45.202377,45.662853,43.37833,73.40524,74.09307,73.795975,73.601974,73.39805,73.30719,73.39831
309,인덕대학교,전문대학,사립,서울,A그룹,48.198036,47.448986,47.173496,46.16708,68.73332,68.46896,67.34893,67.23085,67.18228,67.05703,67.2909
310,인제대학교,대학,사립,경남,B그룹,44.559937,44.220356,44.37199,44.21947,70.502625,70.78671,70.99859,70.896805,70.8018,70.89612,68.5319
311,인제대학원대학교,대학원대학,사립,서울,-,47.718933,47.12937,47.052643,45.93174,69.19,69.12889,68.96095,69.0099,69.00226,69.006134,68.92275
312,인천가톨릭대학교,대학,사립,인천,C그룹,47.522175,47.406933,46.958103,45.472717,67.326645,68.19191,67.24604,69.12743,69.0655,69.751785,70.38384
313,인천대학교,대학,국립,인천,A그룹,44.96044,44.965836,46.066956,44.949886,68.51242,67.55734,67.60212,67.702934,67.798,68.20174,68.403305
314,인천전문대학,전문대학,공립,인천,A그룹,47.52979,47.343258,47.052643,45.93174,69.19,69.12889,68.96095,69.0099,69.00226,69.006134,68.92275
315,인하공업전문대학,전문대학,사립,인천,A그룹,47.733047,47.448215,47.10375,46.23641,67.81504,68.49711,67.14686,68.34039,67.254776,67.23519,67.47674
316,인하대학교,대학,사립,인천,A그룹,44.780346,44.560658,44.740116,42.999077,72.6988,72.995384,71.755905,71.241936,72.19572,72.298904,72.29704
317,장로회신학대학교,대학,사립,서울,C그룹,47.109283,48.741238,48.485622,47.20256,66.83244,68.4186,68.35532,68.573494,69.20499,69.28261,67.88879
318,장안대학교,전문대학,사립,경기,B그룹,47.653664,47.47211,47.175888,46.12767,68.50893,68.02044,68.648285,68.18913,68.01675,68.76144,67.87852
319,재능대학교,전문대학,사립,인천,B그룹,48.198376,47.494053,47.091717,46.24245,67.703354,68.192955,67.72751,68.81717,67.46114,67.46174,68.35099
320,전남과학대학교,전문대학,사립,전남,B그룹,47.730583,47.76982,47.137943,45.985813,68.61659,68.35142,68.243675,67.09901,67.5764,67.296234,67.407295
321,전남대학교,대학,국립,광주,A그룹,45.57082,45.269264,44.72376,43.441315,74.49549,73.3463,74.79944,74.893486,74.90375,74.89656,73.098114
322,전남도립대학교,전문대학,공립,전남,C그룹,47.959496,47.815052,47.097767,45.757088,66.257904,67.34333,68.45022,66.4769,67.22841,67.675606,68.56816
323,전북과학대학교,전문대학,사립,전북,C그룹,47.957844,47.397507,47.228947,45.757835,68.25214,68.036804,67.302155,68.602844,68.72951,68.47604,68.46981
324,전북대학교,대학,국립,전북,A그룹,44.88017,45.09075,44.90829,43.159817,72.90019,72.69979,73.00022,73.00282,72.89742,73.65338,72.90165
325,전주교육대학교,대학,국립,전북,C그룹,49.572426,49.306057,49.625694,47.92432,67.59917,67.63226,67.62892,67.7689,67.66176,67.66784,67.69311
326,전주기전대학,전문대학,사립,전북,C그룹,47.50819,47.288284,47.189014,45.914852,67.58475,69.20807,68.70211,69.05767,69.089874,68.767136,67.38886
327,전주대학교,대학,사립,전북,A그룹,47.814213,47.381477,46.593838,45.24309,67.74239,67.44144,67.62838,68.434525,66.80527,67.05847,67.34429
328,전주비전대학교,전문대학,사립,전북,B그룹,47.820854,47.49589,47.649868,46.43716,68.525955,67.92187,68.3269,68.27997,68.32436,68.15522,68.016075
329,제네바신학대학원대학교,대학원대학,사립,경기,-,47.52979,47.343258,47.02803,45.913383,70.47775,70.56145,70.20618,70.31806,70.14856,70.26387,70.22239
330,제주관광대학교,전문대학,사립,제주,C그룹,47.56803,47.382347,47.161747,46.005238,69.021545,68.71081,68.52701,68.45167,68.44923,68.54454,67.50727
331,제주국제대학교,대학,사립,제주,C그룹,47.619026,47.502075,47.138626,46.042465,69.11776,68.68013,68.914024,68.99563,68.865074,68.91712,68.69732
332,제주대학교,대학,국립,제주,A그룹,47.196613,46.983612,46.52422,44.767605,68.14902,68.49863,68.70114,67.878716,68.30528,68.59546,68.49067
333,제주한라대학교,전문대학,사립,제주,A그룹,47.815937,47.48047,47.29489,46.139244,67.69663,68.41336,68.4023,67.09744,67.24267,67.27511,67.18456
334,조선간호대학교,전문대학,사립,광주,C그룹,47.896984,47.709255,47.485786,46.09669,68.48297,67.399925,67.253914,67.75886,68.43597,67.049225,68.350006
335,조선대학교,대학,사립,광주,A그룹,44.458683,45.368637,44.259735,42.52093,68.87827,69.20402,68.79526,68.60095,68.20111,68.29989,68.1999
336,조선이공대학교,전문대학,사립,광주,B그룹,47.631123,47.480583,47.407757,46.388996,66.67912,68.281136,67.85776,68.00429,68.08459,67.27917,67.09576
337,주안대학원대학교,대학원대학,사립,인천,-,49.418648,49.321716,49.205795,47.864174,70.5616,70.590385,69.43714,68.675575,67.77087,68.892204,68.89626
338,중부대학교,대학,사립,충남,B그룹,47.402946,47.208527,46.911922,45.91442,67.95707,68.05407,68.41344,67.71116,67.3555,66.52944,66.37074
339,중앙대학교,대학,사립,서울,A그룹,44.467953,44.499027,45.426857,42.659824,70.67513,72.80353,72.70101,72.89129,72.801254,73.102936,73.099495
340,중앙승가대학교,대학,사립,경기,C그룹,49.391537,49.113865,49.33301,47.631355,69.958855,69.96426,68.690155,69.05922,69.42475,69.18762,70.112366
341,중원대학교,대학,사립,충북,C그룹,47.539906,47.536507,47.25494,46.21526,68.108505,68.12539,68.165474,68.48955,68.19382,70.43689,68.39609
342,진주교육대학교,대학,국립,경남,C그룹,49.579185,48.77167,49.194637,47.164505,67.33475,66.82782,66.76439,68.04362,67.51415,68.769905,69.48065
343,진주보건대학교,전문대학,사립,경남,B그룹,47.60184,47.35665,47.132553,45.80378,69.36061,68.30494,68.03211,67.99681,67.45622,66.963196,67.81036
344,차의과학대학교,대학,사립,경기,C그룹,48.10639,47.894238,47.865414,46.63039,68.22258,68.72973,68.40008,68.095695,68.24617,68.20431,67.493004
345,창신대학교,대학,사립,경남,C그룹,47.95685,47.55334,47.582355,45.847534,67.56053,68.66105,67.30285,68.66131,66.57985,68.696785,68.40632
346,창원문성대학교,전문대학,사립,경남,C그룹,48.21949,47.56636,47.15032,46.155193,68.12923,68.395546,67.26083,66.74206,68.43115,68.14622,66.51799
347,청강문화산업대학교,전문대학,사립,경기,B그룹,47.05701,46.735687,44.57263,46.087063,65.94951,67.99472,68.177,68.38468,67.90782,68.291275,68.22022
348,청암대학교,전문대학,사립,전남,B그룹,47.50429,47.361656,47.063423,46.10067,67.88073,68.36773,68.39142,68.80375,68.07889,69.02234,67.195755
349,청운대학교,대학,사립,충남,B그룹,47.255733,47.248642,46.49001,44.619377,66.33603,66.51755,66.61522,66.42096,66.84597,66.75311,66.39232
350,청주교육대학교,대학,국립,충북,C그룹,49.0944,49.169662,49.409676,47.59654,67.231094,67.54463,69.43479,68.09327,68.109535,68.13771,68.1657
351,청주대학교,대학,사립,충북,A그룹,46.411564,45.92549,45.607388,44.49286,68.07479,67.60973,66.85668,67.44677,66.25423,65.94332,65.882866
352,초당대학교,대학,사립,전남,C그룹,47.41478,47.360195,47.104633,45.876183,67.02953,66.801765,66.627945,66.73863,66.49622,66.76973,66.90589
353,총신대학교,대학,사립,서울,C그룹,47.253586,46.803185,47.374817,47.605675,66.37382,66.23069,67.90299,68.119675,69.20971,69.353905,69.463715
354,추계예술대학교,대학,사립,서울,C그룹,47.18555,47.03773,46.73335,44.945835,68.26528,66.78716,68.420296,68.46625,67.05431,68.54776,68.03344
355,춘천교육대학교,대학,국립,강원,C그룹,49.687756,48.983166,48.97547,47.602417,67.17429,67.84265,67.99722,67.71853,68.112236,67.76662,67.830444
356,춘해보건대학교,전문대학,사립,울산,B그룹,47.922615,47.85728,47.523113,46.200836,68.23712,68.309586,68.02591,67.22657,67.38781,67.34638,67.32232
357,충남대학교,대학,국립,대전,A그룹,44.77276,44.47054,44.58921,42.78594,72.70196,73.00184,72.699425,72.397285,72.40395,72.40015,72.4991
358,충남도립대학교,전문대학,공립,충남,C그룹,48.026703,48.006718,47.663216,46.107986,67.21743,67.1512,66.809845,66.82776,67.24047,67.232414,66.947014
359,충북대학교,대학,국립,충북,A그룹,44.46951,44.229073,43.905537,42.582005,71.00166,71.097305,70.798965,70.59895,70.699326,70.99389,70.998184
360,충북도립대학교,전문대학,공립,충북,C그룹,48.179287,48.061996,46.775578,46.5497,67.65913,67.36597,66.96494,66.95818,67.228134,68.03518,68.503876
361,충북보건과학대학교,전문대학,사립,충북,B그룹,47.942974,47.355934,47.466248,46.115765,68.58501,67.980736,68.27415,68.402885,67.561325,67.42728,68.33608
362,충청대학교,전문대학,사립,충북,B그룹,47.784645,47.898235,47.52441,46.449734,67.66257,67.10794,66.83156,67.19339,66.57076,66.747246,67.05791
363,치유상담대학원대학교,대학원대학,사립,서울,-,47.52979,47.395786,47.003967,45.62921,68.68024,68.65755,69.358215,69.26076,69.863,69.18896,70.21944
364,칼빈대학교,대학,사립,경기,C그룹,47.562557,49.150925,46.782948,45.46734,67.35513,67.18068,67.25835,66.749535,66.70051,66.70373,67.0183
365,탐라대학교,대학,사립,제주,C그룹,47.52979,47.343258,47.052643,45.93174,69.19,69.12889,68.96095,69.0099,69.00226,69.006134,68.92275
366,평택대학교,대학,사립,경기,C그룹,47.494762,47.11555,46.558296,45.0191,67.086365,66.77112,66.6134,66.78582,68.16565,68.50968,67.955864
367,포항공과대학교,대학,사립,경북,C그룹,48.35336,48.238586,48.218273,45.480583,75.69807,75.85033,75.8012,75.69581,75.500465,75.50323,75.4978
368,포항대학교,전문대학,사립,경북,C그룹,47.508427,47.785496,47.33799,45.979603,68.04062,68.208244,67.04989,67.21282,66.82646,68.20817,66.71548
369,한경국립대학교,대학,국립,경기,B그룹,44.62264,44.420097,47.501488,45.860172,66.616554,66.46184,66.55623,66.58645,66.99596,67.209145,67.19033
370,한국개발연구원국제정책대학원대학교,대학원대학,사립,세종,-,47.256306,49.24063,49.18769,48.162453,68.66689,69.48757,69.6314,70.27003,70.0637,68.507355,70.04965
371,한국골프과학기술대학교,전문대학,사립,강원,C그룹,47.965435,47.72506,47.49232,46.19431,67.587135,68.59125,68.42698,68.61323,66.96653,68.48168,68.570786
372,한국공학대학교,대학,사립,경기,B그룹,47.379494,47.20067,46.92497,45.905193,67.414665,67.179855,69.082954,67.92683,67.26756,67.526,67.50916
373,한국과학기술원,대학,국립,대전,A그룹,46.115486,48.951324,48.92663,47.339462,76.499825,78.69563,78.00387,78.19748,78.00053,77.996475,77.999466
374,한국관광대학교,전문대학,사립,경기,C그룹,47.883274,47.537495,47.602623,46.08626,68.42944,68.114685,68.026695,67.2913,67.205414,66.697174,66.51562
375,한국교원대학교,대학,국립,충북,B그룹,47.306927,46.958405,46.74285,45.167343,66.699844,66.82749,66.42989,67.181854,67.19432,67.24372,66.89574
376,한국국제대학교,대학,사립,경남,C그룹,47.611546,47.921883,47.548927,46.290802,67.93602,68.86439,68.55824,68.61563,69.03043,69.006134,68.92275
377,한국기술교육대학교,대학,사립,충남,C그룹,44.838886,44.453888,44.21554,42.761116,69.885216,69.96418,68.99514,68.60123,68.442535,68.26459,68.79535
378,한국농수산대학교,전문대학,국립,전북,C그룹,48.040577,47.58384,47.657368,46.210125,69.07857,68.55872,68.51646,68.23513,68.84592,69.1647,69.05766
379,한국방송통신대학교,대학,국립,서울,A그룹,47.207405,47.657177,47.150482,45.836514,67.83508,67.59266,67.578514,67.92075,67.46957,67.04873,68.320694
380,한국복지사이버대학교,전문대학,사립,경북,B그룹,47.52979,47.343258,47.052643,45.97605,68.64202,68.75626,68.649,69.07503,69.05365,69.05859,67.96233
381,한국상담대학원대학교,대학원대학,사립,서울,-,47.466995,47.746784,47.31273,45.951332,69.10987,68.25932,69.27148,69.82612,69.69363,69.05738,70.07817
382,한국성서대학교,대학,사립,서울,C그룹,47.558846,47.418022,47.291603,45.63159,66.9932,68.059616,67.580215,67.039024,69.12402,69.14029,67.19977
383,한국승강기대학교,전문대학,사립,경남,C그룹,48.102257,47.902912,47.638863,46.045597,68.645706,67.358246,69.03939,69.116745,69.07881,69.00233,68.975426
384,한국에너지공과대학교,대학,국립,전남,C그룹,47.52979,47.343258,47.052643,45.93174,69.19,69.12889,68.96095,69.0099,68.357475,70.34456,70.29209
385,한국열린사이버대학교,대학,사립,서울,B그룹,47.52979,47.343258,47.052643,45.99212,69.2504,69.248535,69.08028,69.13078,69.10861,69.11249,69.029106
386,한국영상대학교,전문대학,사립,세종,B그룹,47.687088,47.278038,47.006725,46.04801,68.631836,67.41217,68.35138,67.35271,67.01152,67.039345,67.05324
387,한국예술종합학교,대학,국립,서울,C그룹,44.7002,44.382263,46.87805,45.47619,67.45071,69.22744,69.20774,69.59544,70.15362,69.94413,69.63248
388,한국외국어대학교,대학,사립,서울,A그룹,44.893257,44.67573,44.572174,44.08232,67.909065,67.30307,66.596855,66.697914,66.5048,66.300446,65.61996
389,한국전력국제원자력대학원대학교,대학원대학,사립,울산,-,48.059006,47.85669,46.47686,45.54664,69.016174,66.95529,70.66483,70.06854,68.11408,70.965126,70.65713
390,한국전통문화대학교,대학,국립,충남,C그룹,49.60527,49.35212,49.11531,48.23291,70.16395,68.76577,69.07449,69.38839,68.694,68.88731,68.88415
391,한국정보통신대학교,대학,사립,대전,C그룹,47.52979,47.343258,47.052643,45.93174,69.19,69.12889,68.96095,69.0099,69.00226,69.006134,68.92275
392,한국철도대학,전문대학,국립,경기,C그룹,47.52979,47.343258,47.052643,45.93174,69.19,69.12889,68.96095,69.0099,69.00226,69.006134,68.92275
393,한국체육대학교,대학,국립,서울,C그룹,48.448166,48.462914,48.181786,46.78263,67.33147,67.673645,68.08159,67.226524,68.70664,68.234344,68.820175
394,한국침례신학대학교,대학,사립,대전,C그룹,47.17691,46.959995,46.70409,45.356773,68.02235,68.04048,68.72152,69.41232,67.1586,68.28178,66.30183
395,한국폴리텍Ⅰ대학서울강서캠퍼스,전문대학,사립,서울,C그룹,47.528423,47.355877,47.065754,45.94414,69.20011,69.12659,68.959595,69.0099,69.00226,69.01744,68.941086
396,한국폴리텍Ⅰ대학서울정수캠퍼스,전문대학,사립,서울,C그룹,47.502174,47.3419,47.744873,46.229256,67.652336,67.53221,67.423004,67.34631,67.343636,67.36988,67.25952
397,한국폴리텍Ⅰ대학성남캠퍼스,전문대학,사립,경기,C그룹,47.53049,47.343258,47.052643,45.94414,69.245575,69.12889,68.96095,69.0099,68.93558,68.927284,68.81254
398,한국폴리텍Ⅰ대학제주캠퍼스,전문대학,사립,제주,C그룹,47.52979,47.343258,47.052643,45.378258,69.0776,68.24197,68.20259,68.49961,68.690254,69.33247,68.1583
399,한국폴리텍Ⅱ대학남인천캠퍼스,전문대학,사립,인천,C그룹,47.52979,47.343258,47.052643,45.93174,69.19,69.12889,68.96095,70.45808,69.73793,68.50571,68.86585
400,한국폴리텍Ⅱ대학인천캠퍼스,전문대학,사립,인천,C그룹,47.50086,47.326736,47.053345,45.931076,69.20203,69.13969,68.92214,69.0099,69.00226,69.006134,68.99133
401,한국폴리텍Ⅱ대학화성캠퍼스,전문대학,사립,경기,C그룹,47.52979,47.343258,47.052643,45.93174,69.19,69.12889,68.96095,69.0099,69.77101,68.940125,68.64697
402,한국폴리텍Ⅲ대학강릉캠퍼스,전문대학,사립,강원,C그룹,47.320427,47.130688,46.552933,45.235107,68.93831,68.7271,68.53783,69.55423,68.94791,68.62368,68.40997
403,한국폴리텍Ⅲ대학원주캠퍼스,전문대학,사립,강원,C그룹,47.52979,47.343258,47.052643,45.61255,68.07716,68.701935,67.88295,67.745895,68.69387,68.11431,68.38075
404,한국폴리텍Ⅲ대학춘천캠퍼스,전문대학,사립,강원,C그룹,47.723385,47.377094,47.20864,46.049553,69.19,69.15995,68.97326,69.022224,68.98667,69.05956,68.97534
405,한국폴리텍Ⅳ대학대전캠퍼스,전문대학,사립,대전,C그룹,47.528423,47.343258,47.065052,45.93174,69.19,69.12889,68.95554,69.0099,69.00226,69.006134,68.92275
406,한국폴리텍Ⅳ대학아산캠퍼스,전문대학,사립,충남,C그룹,47.7256,47.539227,47.046444,45.91894,68.89244,68.831314,68.66426,68.699234,68.68787,68.69176,68.71305
407,한국폴리텍Ⅳ대학청주캠퍼스,전문대학,사립,충북,C그룹,47.52781,47.341442,47.254482,45.942093,69.14528,69.152405,68.97212,69.02107,69.01343,69.01732,68.93424
408,한국폴리텍Ⅳ대학충남캠퍼스,전문대학,사립,충남,C그룹,47.15413,46.95856,46.667946,45.547035,69.19,68.01543,68.321465,68.49565,68.47752,68.487305,68.33048
409,한국폴리텍Ⅴ대학광주캠퍼스,전문대학,사립,광주,C그룹,47.165485,46.960327,46.669712,45.528107,67.97391,68.01041,67.79562,67.8457,67.82698,67.83676,67.7387
410,한국폴리텍Ⅴ대학순천캠퍼스,전문대학,사립,전남,C그룹,47.52979,47.343258,47.052643,45.93174,69.19,70.563515,71.30311,70.94511,70.94399,68.93632,71.2535
411,한국폴리텍Ⅴ대학익산캠퍼스,전문대학,사립,전북,C그룹,47.436535,47.40124,47.04103,45.9349,69.19,69.208466,68.92662,69.023346,68.95227,68.984924,68.905464
412,한국폴리텍Ⅴ대학전남캠퍼스,전문대학,사립,전남,C그룹,47.624718,47.361763,47.071148,45.950245,69.19,67.98753,67.76195,67.8819,67.87555,67.88629,67.76981
413,한국폴리텍Ⅴ대학전북캠퍼스,전문대학,사립,전북,C그룹,47.624718,47.34896,47.04508,45.925526,69.14829,69.1117,68.650696,68.699234,68.60797,69.006134,68.619865
414,한국폴리텍Ⅵ대학구미캠퍼스,전문대학,사립,경북,C그룹,48.106644,47.905106,47.224113,46.054443,69.19914,69.001854,68.97098,69.0099,69.00226,68.69176,68.608376
415,한국폴리텍Ⅵ대학대구캠퍼스,전문대학,사립,대구,C그룹,47.613018,47.419907,47.136616,46.020985,69.227165,67.64774,68.97929,69.02417,69.01582,69.01744,68.935844
416,한국폴리텍Ⅵ대학영남융합기술캠퍼스,전문대학,사립,대구,C그룹,47.318085,47.12803,46.839993,45.519505,68.74849,68.765625,68.390335,68.52248,68.40227,68.473694,68.340904
417,한국폴리텍Ⅵ대학영주캠퍼스,전문대학,사립,경북,C그룹,47.805614,47.539047,47.260918,45.44663,69.20891,69.10089,68.86586,67.94972,68.78704,68.6852,68.73269
418,한국폴리텍Ⅶ대학동부산캠퍼스,전문대학,사립,부산,C그룹,47.52979,47.343258,47.052643,45.93174,69.19,69.12889,68.96095,69.0099,67.84958,68.78041,68.64491
419,한국폴리텍Ⅶ대학부산캠퍼스,전문대학,사립,부산,C그룹,47.567802,47.372814,47.053345,45.93174,69.19,69.14157,68.96095,69.0099,69.00226,69.006134,68.79865
420,한국폴리텍Ⅶ대학울산캠퍼스,전문대학,사립,울산,C그룹,47.52979,47.343258,47.124897,45.93661,68.87976,68.818634,68.650696,68.790344,68.78715,68.79102,68.59211
421,한국폴리텍Ⅶ대학진주캠퍼스,전문대학,사립,경남,C그룹,47.52979,47.343258,47.052643,45.93174,69.19,69.12889,68.96095,69.0099,67.84958,68.94033,68.785126
422,한국폴리텍Ⅶ대학창원캠퍼스,전문대학,사립,경남,C그룹,47.493206,47.315693,47.01652,45.901615,69.008095,69.090126,68.742226,68.79769,68.78632,68.790215,68.92275
423,한국폴리텍특성화 로봇캠퍼스,전문대학,사립,경북,C그룹,47.52979,47.343258,47.052643,45.93174,69.19,69.12889,68.96095,69.0099,67.725044,67.85425,67.79707
424,한국폴리텍특성화 바이오캠퍼스,전문대학,사립,충남,C그룹,47.250916,46.94897,46.644596,45.537445,69.19,68.716515,68.52223,68.55521,68.5533,68.5612,68.52645
425,한국폴리텍특성화 반도체융합캠퍼스,전문대학,사립,경기,C그룹,47.709118,47.537205,46.86649,45.51083,68.8297,68.03389,67.83254,67.856964,67.81079,69.006134,68.33048
426,한국폴리텍특성화 항공캠퍼스,전문대학,사립,경남,C그룹,47.536194,47.349663,47.04578,45.960022,68.956955,68.831314,68.66426,68.7104,68.69905,69.01599,68.478645
427,한국학대학원,대학원대학,국립,경기,-,47.52979,47.343258,47.052643,45.93174,69.19,71.19839,70.69419,70.53912,70.15704,69.902794,69.96573
428,한국항공대학교,대학,사립,경기,C그룹,46.17965,46.158237,46.72941,45.141247,68.82651,66.70218,66.485634,67.11025,66.75272,67.15736,67.11616
429,한남대학교,대학,사립,대전,A그룹,43.926025,45.01152,44.31152,43.043842,68.389694,67.66465,67.369576,67.53482,67.42915,66.80336,66.89828
430,한동대학교,대학,사립,경북,C그룹,44.53835,44.297585,44.359123,42.714664,65.02888,65.839485,66.03495,68.41917,65.38006,66.26439,65.0842
431,한라대학교,대학,사립,강원,C그룹,47.69928,47.43677,47.2094,46.1025,68.62014,68.468346,69.23822,69.23783,68.059395,66.92675,67.86482
432,한려대학교,대학,사립,전남,C그룹,48.04034,47.71859,47.39127,45.878323,69.222694,69.151764,69.7119,69.722755,69.00226,69.006134,68.92275
433,한림국제대학원대학교,대학원대학,사립,서울,-,48.114986,47.904728,47.23994,46.267002,68.89145,68.83032,68.86075,68.97415,68.84607,68.71466,68.86527
434,한림대학교,대학,사립,강원,B그룹,44.3584,44.08128,45.04689,42.53174,70.29278,70.406395,70.4969,70.30384,70.3923,70.50112,69.80874
435,한림성심대학교,전문대학,사립,강원,B그룹,48.037067,47.38519,47.208504,46.20715,68.18897,67.7992,67.95353,68.96242,68.93116,67.23914,67.08868
436,한민학교,대학,사립,충남,C그룹,47.52979,47.343258,47.052643,45.93174,69.19,69.12889,68.96095,69.0099,69.00226,69.006134,68.92275
437,한반도국제대학원대학교,대학원대학,사립,서울,-,49.446663,49.160847,49.056934,48.143684,69.16844,68.18947,69.07275,69.13941,68.01185,68.04844,68.55923
438,한북대학교,대학,사립,경기,C그룹,47.52979,47.343258,47.052643,45.93174,69.19,69.12889,68.96095,69.0099,69.00226,69.006134,68.92275
439,한서대학교,대학,사립,충남,B그룹,47.177498,46.766052,46.435516,45.345886,67.02767,66.82429,66.869316,66.60164,66.613556,66.67246,66.42496
440,한성대학교,대학,사립,서울,B그룹,46.259083,46.28959,46.084076,44.691666,66.934166,67.92224,66.33363,66.443504,65.80911,66.38433,66.01781
441,한세대학교,대학,사립,경기,C그룹,47.06664,46.80793,46.84546,45.3286,67.66119,67.16378,66.698,68.69697,67.25121,66.54003,68.7267
442,한신대학교,대학,사립,경기,B그룹,47.43567,46.84153,46.457855,44.677357,67.6911,67.54659,67.525085,67.01038,66.435135,66.51413,65.82014
443,한양대학교,대학,사립,서울,A그룹,48.62964,47.600895,47.07906,45.56488,75.79494,76.40534,76.40137,76.4971,76.59832,76.69655,76.70167
444,한양대학교(ERICA),대학,사립,경기,A그룹,46.65943,46.71582,45.74361,44.90119,69.151054,69.78774,69.876656,69.391075,68.71243,69.18531,69.888855
445,한양여자대학교,전문대학,사립,서울,A그룹,47.631496,47.952564,47.10491,46.133263,67.63474,67.351395,66.992294,67.22108,67.25707,67.078926,66.90464
446,한영대학교,전문대학,사립,전남,C그룹,47.083603,46.928726,46.64233,45.511784,67.73376,69.20576,67.28986,67.15904,67.30549,68.28273,67.297966
447,한일장신대학교,대학,사립,전북,C그룹,49.27169,49.034283,48.81654,47.14197,68.23388,68.38091,67.513794,67.48825,67.88576,67.787056,68.84524
448,한중대학교,대학,사립,강원,C그룹,47.16084,46.92266,46.713528,45.515583,69.19,69.12889,68.96095,69.0099,69.00226,69.006134,68.92275
449,합동신학대학원대학교,대학원대학,사립,경기,-,49.914757,49.628963,49.36312,48.47338,70.54368,69.42696,68.64548,68.55553,68.47079,69.742096,69.86596
450,해군사관학교,기타,기타,경남,-,49.607018,47.310722,47.062798,45.865532,67.925766,68.32479,67.97849,68.24995,67.837,67.82517,68.46211
451,협성대학교,대학,사립,경기,C그룹,47.433235,47.25586,47.14064,45.230713,67.395325,67.02374,66.56418,66.43828,66.87819,66.91428,66.4594
452,혜전대학교,전문대학,사립,충남,B그룹,47.48505,47.330154,47.320515,45.821304,68.01254,67.74509,68.03322,67.19359,68.66255,67.92624,68.15851
453,호남대학교,대학,사립,광주,B그룹,47.47413,46.293705,46.53414,45.248856,67.02587,66.528244,67.49637,66.64268,67.18811,66.361824,66.300705
454,호남신학대학교,대학,사립,광주,C그룹,49.259563,48.815228,48.71629,47.301323,67.86965,67.88795,68.04746,68.46569,68.21563,68.27652,67.962875
455,호산대학교,전문대학,사립,경북,C그룹,47.509293,47.31879,47.07379,45.930214,68.99748,68.787476,68.61271,68.31559,66.99584,68.34148,67.99945
456,호서대학교,대학,사립,충남,A그룹,45.468513,45.3195,45.07759,44.678535,68.32149,68.17296,67.52721,67.15408,66.99179,67.38635,67.2176
457,호원대학교,대학,사립,전북,B그룹,47.281227,46.84853,46.557003,45.341415,66.63253,66.64307,66.23333,66.12575,66.49724,66.63655,66.38572
458,홍익대학교,대학,사립,서울,A그룹,46.66945,47.269047,46.885544,45.71784,70.38314,68.61342,67.00844,66.7993,66.60289,69.47898,66.70233
459,화성의과학대학교,대학,사립,경기,C그룹,47.531273,47.343575,47.038734,45.929733,68.99222,68.933205,68.4734,68.565125,68.61383,68.946945,67.35633
460,화신사이버대학교,대학,사립,부산,C그룹,47.53049,47.34396,47.051987,45.931076,69.19,69.12889,68.97287,69.02182,69.014175,69.01855,68.921394
461,횃불트리니티신학대학원대학교,대학원대학,사립,서울,-,49.47658,49.4773,48.984955,47.616398,69.607735,68.57329,70.84881,69.47649,69.60499,70.350266,68.35711
